{"cameraMode":{"drawMode":0,"name":"Shaded","section":"Shading Mode"},"sceneLighting":true,"audioPlay":false,"sceneViewState":{"m_AlwaysRefresh":false,"showFog":true,"showSkybox":true,"showFlares":true,"showImageEffects":true,"showParticleSystems":true,"showVisualEffectGraphs":true,"m_FxEnabled":true},"in2DMode":false,"pivot":{"x":35.77829360961914,"y":-24.807479858398439,"z":19.433074951171876},"rotation":{"x":-0.001749518676660955,"y":0.7614070773124695,"z":-0.6482677459716797,"w":-0.0020551993511617185},"size":65.7144775390625,"orthographic":false}